source_url,source_name,sportsbook,retrieval_timestamp,nfl_week,game_date,player,position,team,opponent,stat_category,line,over_price,under_price
https://fantasyteamadvice.com/nfl/gameday-props,FantasyTeamAdvice,DraftKings,2026-09-23T12:55:24-04:00,3,2026-09-27,Dak Prescott,QB,DAL,BAL,QB passing yards,266.5,-111,-113
https://fantasyteamadvice.com/nfl/gameday-props,FantasyTeamAdvice,DraftKings,2026-09-23T12:55:24-04:00,3,2026-09-27,Jared Goff,QB,DET,NYJ,QB passing yards,256.5,-111,-113
https://fantasyteamadvice.com/nfl/gameday-props,FantasyTeamAdvice,DraftKings,2026-09-23T12:55:24-04:00,3,2026-09-27,Joe Burrow,QB,CIN,PIT,QB passing yards,251.5,-113,-111
https://fantasyteamadvice.com/nfl/gameday-props,FantasyTeamAdvice,DraftKings,2026-09-23T12:55:24-04:00,3,2026-09-27,Tyler Shough,QB,NO,LV,QB passing yards,248.5,-113,-111
https://fantasyteamadvice.com/nfl/gameday-props,FantasyTeamAdvice,DraftKings,2026-09-23T12:55:24-04:00,3,2026-09-27,Matthew Stafford,QB,LAR,DEN,QB passing yards,244.5,-111,-113
https://fantasyteamadvice.com/nfl/gameday-props,FantasyTeamAdvice,DraftKings,2026-09-23T12:55:24-04:00,3,2026-09-27,Josh Allen,QB,BUF,LAC,QB passing yards,243.5,-113,-111
https://fantasyteamadvice.com/nfl/gameday-props,FantasyTeamAdvice,DraftKings,2026-09-23T12:55:24-04:00,3,2026-09-27,Lamar Jackson,QB,BAL,DAL,QB passing yards,239.5,-112,-112
https://fantasyteamadvice.com/nfl/gameday-props,FantasyTeamAdvice,DraftKings,2026-09-23T12:55:24-04:00,3,2026-09-24,Jordan Love,QB,GB,ATL,QB passing yards,226.5,-113,-111
https://fantasyteamadvice.com/nfl/gameday-props,FantasyTeamAdvice,DraftKings,2026-09-23T12:55:24-04:00,3,2026-09-27,Trevor Lawrence,QB,JAX,NE,QB passing yards,224.5,-113,-111
https://fantasyteamadvice.com/nfl/gameday-props,FantasyTeamAdvice,DraftKings,2026-09-23T12:55:24-04:00,3,2026-09-27,Justin Herbert,QB,LAC,BUF,QB passing yards,217.5,-112,-112
https://fantasyteamadvice.com/nfl/gameday-props,FantasyTeamAdvice,DraftKings,2026-09-23T12:55:24-04:00,3,2026-09-27,Aaron Rodgers,QB,PIT,CIN,QB passing yards,219.5,-112,-112
https://fantasyteamadvice.com/nfl/gameday-props,FantasyTeamAdvice,DraftKings,2026-09-23T12:55:24-04:00,3,2026-09-27,Geno Smith,QB,NYJ,DET,QB passing yards,216.5,-113,-111
https://fantasyteamadvice.com/nfl/gameday-props,FantasyTeamAdvice,DraftKings,2026-09-23T12:55:24-04:00,3,2026-09-28,Jalen Hurts,QB,PHI,CHI,QB passing yards,210.5,-112,-112
https://fantasyteamadvice.com/nfl/gameday-props,FantasyTeamAdvice,DraftKings,2026-09-23T12:55:24-04:00,3,2026-09-27,Baker Mayfield,QB,TB,MIN,QB passing yards,217.5,-112,-112
https://fantasyteamadvice.com/nfl/gameday-props,FantasyTeamAdvice,DraftKings,2026-09-23T12:55:24-04:00,3,2026-09-27,Drake Maye,QB,NE,JAX,QB passing yards,213.5,-113,-111
https://fantasyteamadvice.com/nfl/gameday-props,FantasyTeamAdvice,DraftKings,2026-09-23T12:55:24-04:00,3,2026-09-27,Kirk Cousins,QB,LV,NO,QB passing yards,215.5,-113,-111
https://fantasyteamadvice.com/nfl/gameday-props,FantasyTeamAdvice,DraftKings,2026-09-23T12:55:24-04:00,3,2026-09-27,Bo Nix,QB,DEN,LAR,QB passing yards,212.5,-113,-111
https://fantasyteamadvice.com/nfl/gameday-props,FantasyTeamAdvice,DraftKings,2026-09-23T12:55:24-04:00,3,2026-09-27,Kyler Murray,QB,MIN,TB,QB passing yards,208.5,-112,-112
https://fantasyteamadvice.com/nfl/gameday-props,FantasyTeamAdvice,DraftKings,2026-09-23T12:55:24-04:00,3,2026-09-24,Michael Penix,QB,ATL,GB,QB passing yards,200.5,-112,-112
https://fantasyteamadvice.com/nfl/gameday-props,FantasyTeamAdvice,DraftKings,2026-09-23T12:55:24-04:00,3,2026-09-27,Derrick Henry,RB,BAL,DAL,RB rushing yards,88.5,-112,-112
https://fantasyteamadvice.com/nfl/gameday-props,FantasyTeamAdvice,DraftKings,2026-09-23T12:55:24-04:00,3,2026-09-27,Jahmyr Gibbs,RB,DET,NYJ,RB rushing yards,84.5,-114,-110
https://fantasyteamadvice.com/nfl/gameday-props,FantasyTeamAdvice,DraftKings,2026-09-23T12:55:24-04:00,3,2026-09-27,James Cook,RB,BUF,LAC,RB rushing yards,82.5,-111,-113
https://fantasyteamadvice.com/nfl/gameday-props,FantasyTeamAdvice,DraftKings,2026-09-23T12:55:24-04:00,3,2026-09-24,Bijan Robinson,RB,ATL,GB,RB rushing yards,76.5,-111,-113
https://fantasyteamadvice.com/nfl/gameday-props,FantasyTeamAdvice,DraftKings,2026-09-23T12:55:24-04:00,3,2026-09-28,Saquon Barkley,RB,PHI,CHI,RB rushing yards,75.5,-115,-110
https://fantasyteamadvice.com/nfl/gameday-props,FantasyTeamAdvice,DraftKings,2026-09-23T12:55:24-04:00,3,2026-09-27,Chase Brown,RB,CIN,PIT,RB rushing yards,62.5,-114,-110
https://fantasyteamadvice.com/nfl/gameday-props,FantasyTeamAdvice,DraftKings,2026-09-23T12:55:24-04:00,3,2026-09-27,Omarion Hampton,RB,LAC,BUF,RB rushing yards,60.5,-111,-113
https://fantasyteamadvice.com/nfl/gameday-props,FantasyTeamAdvice,DraftKings,2026-09-23T12:55:24-04:00,3,2026-09-27,Javonte Williams,RB,DAL,BAL,RB rushing yards,58.5,-111,-113
https://fantasyteamadvice.com/nfl/gameday-props,FantasyTeamAdvice,DraftKings,2026-09-23T12:55:24-04:00,3,2026-09-27,Breece Hall,RB,NYJ,DET,RB rushing yards,56.5,-109,-115
https://fantasyteamadvice.com/nfl/gameday-props,FantasyTeamAdvice,DraftKings,2026-09-23T12:55:24-04:00,3,2026-09-27,Bucky Irving,RB,TB,MIN,RB rushing yards,53.5,-112,-112
https://fantasyteamadvice.com/nfl/gameday-props,FantasyTeamAdvice,DraftKings,2026-09-23T12:55:24-04:00,3,2026-09-27,Kyren Williams,RB,LAR,DEN,RB rushing yards,55.5,-112,-112
https://fantasyteamadvice.com/nfl/gameday-props,FantasyTeamAdvice,DraftKings,2026-09-23T12:55:24-04:00,3,2026-09-27,Bhayshul Tuten,RB,JAX,NE,RB rushing yards,52.5,-109,-115
https://fantasyteamadvice.com/nfl/gameday-props,FantasyTeamAdvice,DraftKings,2026-09-23T12:55:24-04:00,3,2026-09-27,TreVeyon Henderson,RB,NE,JAX,RB rushing yards,41.5,-113,-111
https://fantasyteamadvice.com/nfl/gameday-props,FantasyTeamAdvice,DraftKings,2026-09-23T12:55:24-04:00,3,2026-09-27,Lamar Jackson,QB,BAL,DAL,QB rushing yards,38.5,-112,-112
https://fantasyteamadvice.com/nfl/gameday-props,FantasyTeamAdvice,DraftKings,2026-09-23T12:55:24-04:00,3,2026-09-27,Rhamondre Stevenson,RB,NE,JAX,RB rushing yards,38.5,-109,-116
https://fantasyteamadvice.com/nfl/gameday-props,FantasyTeamAdvice,DraftKings,2026-09-23T12:55:24-04:00,3,2026-09-27,Josh Allen,QB,BUF,LAC,QB rushing yards,34.5,-115,-109
https://fantasyteamadvice.com/nfl/gameday-props,FantasyTeamAdvice,DraftKings,2026-09-23T12:55:24-04:00,3,2026-09-27,Drake Maye,QB,NE,JAX,QB rushing yards,25.5,-116,-108
https://fantasyteamadvice.com/nfl/gameday-props,FantasyTeamAdvice,DraftKings,2026-09-23T12:55:24-04:00,3,2026-09-28,Jalen Hurts,QB,PHI,CHI,QB rushing yards,24.5,-113,-111
https://fantasyteamadvice.com/nfl/gameday-props,FantasyTeamAdvice,DraftKings,2026-09-23T12:55:24-04:00,3,2026-09-27,Kyler Murray,QB,MIN,TB,QB rushing yards,21.5,-117,-107
https://fantasyteamadvice.com/nfl/gameday-props,FantasyTeamAdvice,DraftKings,2026-09-23T12:55:24-04:00,3,2026-09-27,Justin Herbert,QB,LAC,BUF,QB rushing yards,19.5,-113,-111
https://fantasyteamadvice.com/nfl/gameday-props,FantasyTeamAdvice,DraftKings,2026-09-23T12:55:24-04:00,3,2026-09-27,Baker Mayfield,QB,TB,MIN,QB rushing yards,17.5,-117,-107
https://fantasyteamadvice.com/nfl/gameday-props,FantasyTeamAdvice,DraftKings,2026-09-23T12:55:24-04:00,3,2026-09-27,Bo Nix,QB,DEN,LAR,QB rushing yards,17.5,-114,-110
https://fantasyteamadvice.com/nfl/gameday-props,FantasyTeamAdvice,DraftKings,2026-09-23T12:55:24-04:00,3,2026-09-27,Trevor Lawrence,QB,JAX,NE,QB rushing yards,15.5,-111,-113
https://fantasyteamadvice.com/nfl/gameday-props,FantasyTeamAdvice,DraftKings,2026-09-23T12:55:24-04:00,3,2026-09-27,Dak Prescott,QB,DAL,BAL,QB rushing yards,13.5,-117,-108
https://fantasyteamadvice.com/nfl/gameday-props,FantasyTeamAdvice,DraftKings,2026-09-23T12:55:24-04:00,3,2026-09-24,Jordan Love,QB,GB,ATL,QB rushing yards,7.5,-116,-108
https://fantasyteamadvice.com/nfl/gameday-props,FantasyTeamAdvice,DraftKings,2026-09-23T12:55:24-04:00,3,2026-09-24,Michael Penix,QB,ATL,GB,QB rushing yards,3.5,-111,-113
https://fantasyteamadvice.com/nfl/gameday-props,FantasyTeamAdvice,DraftKings,2026-09-23T12:55:24-04:00,3,2026-09-27,Matthew Stafford,QB,LAR,DEN,QB rushing yards,0.5,+136,-172
https://fantasyteamadvice.com/nfl/gameday-props,FantasyTeamAdvice,DraftKings,2026-09-23T12:55:24-04:00,3,2026-09-27,CeeDee Lamb,WR,DAL,BAL,WR receiving yards,85.5,-110,-114
https://fantasyteamadvice.com/nfl/gameday-props,FantasyTeamAdvice,DraftKings,2026-09-23T12:55:24-04:00,3,2026-09-27,Ja'Marr Chase,WR,CIN,PIT,WR receiving yards,77.5,-113,-111
https://fantasyteamadvice.com/nfl/gameday-props,FantasyTeamAdvice,DraftKings,2026-09-23T12:55:24-04:00,3,2026-09-27,Amon-Ra St. Brown,WR,DET,NYJ,WR receiving yards,76.5,-112,-112
https://fantasyteamadvice.com/nfl/gameday-props,FantasyTeamAdvice,DraftKings,2026-09-23T12:55:24-04:00,3,2026-09-27,Zay Flowers,WR,BAL,DAL,WR receiving yards,75.5,-111,-113
https://fantasyteamadvice.com/nfl/gameday-props,FantasyTeamAdvice,DraftKings,2026-09-23T12:55:24-04:00,3,2026-09-27,Justin Jefferson,WR,MIN,TB,WR receiving yards,69.5,-114,-110
https://fantasyteamadvice.com/nfl/gameday-props,FantasyTeamAdvice,DraftKings,2026-09-23T12:55:24-04:00,3,2026-09-24,Christian Watson,WR,GB,ATL,WR receiving yards,68.5,-113,-111
https://fantasyteamadvice.com/nfl/gameday-props,FantasyTeamAdvice,DraftKings,2026-09-23T12:55:24-04:00,3,2026-09-24,Drake London,WR,ATL,GB,WR receiving yards,66.5,-112,-112
https://fantasyteamadvice.com/nfl/gameday-props,FantasyTeamAdvice,DraftKings,2026-09-23T12:55:24-04:00,3,2026-09-27,Parker Washington,WR,JAX,NE,WR receiving yards,62.5,-111,-113
https://fantasyteamadvice.com/nfl/gameday-props,FantasyTeamAdvice,DraftKings,2026-09-23T12:55:24-04:00,3,2026-09-27,Garrett Wilson,WR,NYJ,DET,WR receiving yards,61.5,-112,-112
https://fantasyteamadvice.com/nfl/gameday-props,FantasyTeamAdvice,DraftKings,2026-09-23T12:55:24-04:00,3,2026-09-27,George Pickens,WR,DAL,BAL,WR receiving yards,59.5,-114,-110
https://fantasyteamadvice.com/nfl/gameday-props,FantasyTeamAdvice,DraftKings,2026-09-23T12:55:24-04:00,3,2026-09-27,Jaylen Waddle,WR,DEN,LAR,WR receiving yards,59.5,-110,-114
https://fantasyteamadvice.com/nfl/gameday-props,FantasyTeamAdvice,DraftKings,2026-09-23T12:55:24-04:00,3,2026-09-27,Jameson Williams,WR,DET,NYJ,WR receiving yards,55.5,-114,-110
https://fantasyteamadvice.com/nfl/gameday-props,FantasyTeamAdvice,DraftKings,2026-09-23T12:55:24-04:00,3,2026-09-27,Tee Higgins,WR,CIN,PIT,WR receiving yards,53.5,-114,-110
https://fantasyteamadvice.com/nfl/gameday-props,FantasyTeamAdvice,DraftKings,2026-09-23T12:55:24-04:00,3,2026-09-27,DK Metcalf,WR,PIT,CIN,WR receiving yards,51.5,-114,-110
https://fantasyteamadvice.com/nfl/gameday-props,FantasyTeamAdvice,DraftKings,2026-09-23T12:55:24-04:00,3,2026-09-27,Ladd McConkey,WR,LAC,BUF,WR receiving yards,51.5,-114,-110
https://fantasyteamadvice.com/nfl/gameday-props,FantasyTeamAdvice,DraftKings,2026-09-23T12:55:24-04:00,3,2026-09-27,DJ Moore,WR,BUF,LAC,WR receiving yards,50.5,-112,-112
https://fantasyteamadvice.com/nfl/gameday-props,FantasyTeamAdvice,DraftKings,2026-09-23T12:55:24-04:00,3,2026-09-27,Emeka Egbuka,WR,TB,MIN,WR receiving yards,47.5,-111,-113
https://fantasyteamadvice.com/nfl/gameday-props,FantasyTeamAdvice,DraftKings,2026-09-23T12:55:24-04:00,3,2026-09-24,Tucker Kraft,TE,GB,ATL,TE receiving yards,44.5,-113,-111
https://fantasyteamadvice.com/nfl/gameday-props,FantasyTeamAdvice,DraftKings,2026-09-23T12:55:24-04:00,3,2026-09-27,Sam LaPorta,TE,DET,NYJ,TE receiving yards,45.5,-111,-113
https://fantasyteamadvice.com/nfl/gameday-props,FantasyTeamAdvice,DraftKings,2026-09-23T12:55:24-04:00,3,2026-09-27,Romeo Doubs,WR,NE,JAX,WR receiving yards,42.5,-110,-114
https://fantasyteamadvice.com/nfl/gameday-props,FantasyTeamAdvice,DraftKings,2026-09-23T12:55:24-04:00,3,2026-09-27,Hunter Henry,TE,NE,JAX,TE receiving yards,42.5,-110,-114
https://fantasyteamadvice.com/nfl/gameday-props,FantasyTeamAdvice,DraftKings,2026-09-23T12:55:24-04:00,3,2026-09-28,Dontayvion Wicks,WR,PHI,CHI,WR receiving yards,39.5,-114,-110
https://fantasyteamadvice.com/nfl/gameday-props,FantasyTeamAdvice,DraftKings,2026-09-23T12:55:24-04:00,3,2026-09-24,Bijan Robinson,RB,ATL,GB,RB receiving yards,39.5,-111,-113
https://fantasyteamadvice.com/nfl/gameday-props,FantasyTeamAdvice,DraftKings,2026-09-23T12:55:24-04:00,3,2026-09-27,Brian Thomas,WR,JAX,NE,WR receiving yards,38.5,-114,-110
https://fantasyteamadvice.com/nfl/gameday-props,FantasyTeamAdvice,DraftKings,2026-09-23T12:55:24-04:00,3,2026-09-24,Kyle Pitts,TE,ATL,GB,TE receiving yards,35.5,-110,-114
https://fantasyteamadvice.com/nfl/gameday-props,FantasyTeamAdvice,DraftKings,2026-09-23T12:55:24-04:00,3,2026-09-27,Chris Godwin,WR,TB,MIN,WR receiving yards,33.5,-116,-108
https://fantasyteamadvice.com/nfl/gameday-props,FantasyTeamAdvice,DraftKings,2026-09-23T12:55:24-04:00,3,2026-09-27,Jahmyr Gibbs,RB,DET,NYJ,RB receiving yards,35.5,-108,-116
https://fantasyteamadvice.com/nfl/gameday-props,FantasyTeamAdvice,DraftKings,2026-09-23T12:55:24-04:00,3,2026-09-27,Quentin Johnston,WR,LAC,BUF,WR receiving yards,34.5,-115,-109
https://fantasyteamadvice.com/nfl/gameday-props,FantasyTeamAdvice,DraftKings,2026-09-23T12:55:24-04:00,3,2026-09-27,Jordan Addison,WR,MIN,TB,WR receiving yards,32.5,-112,-112
https://fantasyteamadvice.com/nfl/gameday-props,FantasyTeamAdvice,DraftKings,2026-09-23T12:55:24-04:00,3,2026-09-27,TJ Hockenson,TE,MIN,TB,TE receiving yards,28.5,-115,-109
https://fantasyteamadvice.com/nfl/gameday-props,FantasyTeamAdvice,DraftKings,2026-09-23T12:55:24-04:00,3,2026-09-27,DeMario Douglas,WR,NE,JAX,WR receiving yards,29.5,-111,-113
https://fantasyteamadvice.com/nfl/gameday-props,FantasyTeamAdvice,DraftKings,2026-09-23T12:55:24-04:00,3,2026-09-27,Jake Ferguson,TE,DAL,BAL,TE receiving yards,27.5,-114,-110
https://fantasyteamadvice.com/nfl/gameday-props,FantasyTeamAdvice,DraftKings,2026-09-23T12:55:24-04:00,3,2026-09-27,Brenton Strange,TE,JAX,NE,TE receiving yards,28.5,-109,-116
https://fantasyteamadvice.com/nfl/gameday-props,FantasyTeamAdvice,DraftKings,2026-09-23T12:55:24-04:00,3,2026-09-27,Cade Otton,TE,TB,MIN,TE receiving yards,27.5,-109,-115
https://fantasyteamadvice.com/nfl/gameday-props,FantasyTeamAdvice,DraftKings,2026-09-23T12:55:24-04:00,3,2026-09-27,Chase Brown,RB,CIN,PIT,RB receiving yards,22.5,-108,-116
https://fantasyteamadvice.com/nfl/gameday-props,FantasyTeamAdvice,DraftKings,2026-09-23T12:55:24-04:00,3,2026-09-27,Breece Hall,RB,NYJ,DET,RB receiving yards,21.5,-112,-112
https://fantasyteamadvice.com/nfl/gameday-props,FantasyTeamAdvice,DraftKings,2026-09-23T12:55:24-04:00,3,2026-09-27,Javonte Williams,RB,DAL,BAL,RB receiving yards,17.5,-111,-113
https://fantasyteamadvice.com/nfl/gameday-props,FantasyTeamAdvice,DraftKings,2026-09-23T12:55:24-04:00,3,2026-09-28,Saquon Barkley,RB,PHI,CHI,RB receiving yards,14.5,-108,-117
https://fantasyteamadvice.com/nfl/gameday-props,FantasyTeamAdvice,DraftKings,2026-09-23T12:55:24-04:00,3,2026-09-27,Rhamondre Stevenson,RB,NE,JAX,RB receiving yards,13.5,-112,-112
https://fantasyteamadvice.com/nfl/gameday-props,FantasyTeamAdvice,DraftKings,2026-09-23T12:55:24-04:00,3,2026-09-27,Omarion Hampton,RB,LAC,BUF,RB receiving yards,11.5,-115,-109
https://fantasyteamadvice.com/nfl/gameday-props,FantasyTeamAdvice,DraftKings,2026-09-23T12:55:24-04:00,3,2026-09-27,TreVeyon Henderson,RB,NE,JAX,RB receiving yards,8.5,-112,-112
https://fantasyteamadvice.com/nfl/gameday-props,FantasyTeamAdvice,DraftKings,2026-09-23T12:55:24-04:00,3,2026-09-27,Bhayshul Tuten,RB,JAX,NE,RB receiving yards,9.5,-108,-116
https://fantasyteamadvice.com/nfl/gameday-props,FantasyTeamAdvice,DraftKings,2026-09-23T12:55:24-04:00,3,2026-09-27,Amon-Ra St. Brown,WR,DET,NYJ,WR receptions,7.5,+118,-150
https://fantasyteamadvice.com/nfl/gameday-props,FantasyTeamAdvice,DraftKings,2026-09-23T12:55:24-04:00,3,2026-09-27,CeeDee Lamb,WR,DAL,BAL,WR receptions,7.5,+118,-151
https://fantasyteamadvice.com/nfl/gameday-props,FantasyTeamAdvice,DraftKings,2026-09-23T12:55:24-04:00,3,2026-09-27,Ja'Marr Chase,WR,CIN,PIT,WR receptions,6.5,-144,+113
https://fantasyteamadvice.com/nfl/gameday-props,FantasyTeamAdvice,DraftKings,2026-09-23T12:55:24-04:00,3,2026-09-24,Drake London,WR,ATL,GB,WR receptions,5.5,-101,-127
https://fantasyteamadvice.com/nfl/gameday-props,FantasyTeamAdvice,DraftKings,2026-09-23T12:55:24-04:00,3,2026-09-27,Justin Jefferson,WR,MIN,TB,WR receptions,5.5,-112,-114
https://fantasyteamadvice.com/nfl/gameday-props,FantasyTeamAdvice,DraftKings,2026-09-23T12:55:24-04:00,3,2026-09-27,Garrett Wilson,WR,NYJ,DET,WR receptions,5.5,-101,-126
https://fantasyteamadvice.com/nfl/gameday-props,FantasyTeamAdvice,DraftKings,2026-09-23T12:55:24-04:00,3,2026-09-27,Zay Flowers,WR,BAL,DAL,WR receptions,5.5,+110,-140
https://fantasyteamadvice.com/nfl/gameday-props,FantasyTeamAdvice,DraftKings,2026-09-23T12:55:24-04:00,3,2026-09-27,George Pickens,WR,DAL,BAL,WR receptions,4.5,-156,+122
https://fantasyteamadvice.com/nfl/gameday-props,FantasyTeamAdvice,DraftKings,2026-09-23T12:55:24-04:00,3,2026-09-24,Bijan Robinson,RB,ATL,GB,RB receptions,4.5,-112,-114
https://fantasyteamadvice.com/nfl/gameday-props,FantasyTeamAdvice,DraftKings,2026-09-23T12:55:24-04:00,3,2026-09-27,Jahmyr Gibbs,RB,DET,NYJ,RB receptions,4.5,-110,-116
https://fantasyteamadvice.com/nfl/gameday-props,FantasyTeamAdvice,DraftKings,2026-09-23T12:55:24-04:00,3,2026-09-27,Jameson Williams,WR,DET,NYJ,WR receptions,3.5,-165,+129
https://fantasyteamadvice.com/nfl/gameday-props,FantasyTeamAdvice,DraftKings,2026-09-23T12:55:24-04:00,3,2026-09-27,Jaylen Waddle,WR,DEN,LAR,WR receptions,4.5,-148,+116
https://fantasyteamadvice.com/nfl/gameday-props,FantasyTeamAdvice,DraftKings,2026-09-23T12:55:24-04:00,3,2026-09-24,Christian Watson,WR,GB,ATL,WR receptions,4.5,-133,+104
https://fantasyteamadvice.com/nfl/gameday-props,FantasyTeamAdvice,DraftKings,2026-09-23T12:55:24-04:00,3,2026-09-27,Sam LaPorta,TE,DET,NYJ,TE receptions,4.5,-106,-120
https://fantasyteamadvice.com/nfl/gameday-props,FantasyTeamAdvice,DraftKings,2026-09-23T12:55:24-04:00,3,2026-09-27,DK Metcalf,WR,PIT,CIN,WR receptions,4.5,+103,-132
https://fantasyteamadvice.com/nfl/gameday-props,FantasyTeamAdvice,DraftKings,2026-09-23T12:55:24-04:00,3,2026-09-27,Tee Higgins,WR,CIN,PIT,WR receptions,4.5,-111,-115
https://fantasyteamadvice.com/nfl/gameday-props,FantasyTeamAdvice,DraftKings,2026-09-23T12:55:24-04:00,3,2026-09-27,Parker Washington,WR,JAX,NE,WR receptions,4.5,-144,+113
https://fantasyteamadvice.com/nfl/gameday-props,FantasyTeamAdvice,DraftKings,2026-09-23T12:55:24-04:00,3,2026-09-27,Ladd McConkey,WR,LAC,BUF,WR receptions,4.5,+121,-155
https://fantasyteamadvice.com/nfl/gameday-props,FantasyTeamAdvice,DraftKings,2026-09-23T12:55:24-04:00,3,2026-09-27,Emeka Egbuka,WR,TB,MIN,WR receptions,4.5,+129,-165
https://fantasyteamadvice.com/nfl/gameday-props,FantasyTeamAdvice,DraftKings,2026-09-23T12:55:24-04:00,3,2026-09-28,Dontayvion Wicks,WR,PHI,CHI,WR receptions,2.5,-174,+136
https://fantasyteamadvice.com/nfl/gameday-props,FantasyTeamAdvice,DraftKings,2026-09-23T12:55:24-04:00,3,2026-09-27,Chris Godwin,WR,TB,MIN,WR receptions,3.5,+128,-164
https://fantasyteamadvice.com/nfl/gameday-props,FantasyTeamAdvice,DraftKings,2026-09-23T12:55:24-04:00,3,2026-09-27,Breece Hall,RB,NYJ,DET,RB receptions,3.5,+117,-150
https://fantasyteamadvice.com/nfl/gameday-props,FantasyTeamAdvice,DraftKings,2026-09-23T12:55:24-04:00,3,2026-09-27,Chase Brown,RB,CIN,PIT,RB receptions,3.5,+108,-138
https://fantasyteamadvice.com/nfl/gameday-props,FantasyTeamAdvice,DraftKings,2026-09-23T12:55:24-04:00,3,2026-09-27,DJ Moore,WR,BUF,LAC,WR receptions,3.5,-150,+117
https://fantasyteamadvice.com/nfl/gameday-props,FantasyTeamAdvice,DraftKings,2026-09-23T12:55:24-04:00,3,2026-09-27,Quentin Johnston,WR,LAC,BUF,WR receptions,3.5,+128,-164
https://fantasyteamadvice.com/nfl/gameday-props,FantasyTeamAdvice,DraftKings,2026-09-23T12:55:24-04:00,3,2026-09-24,Kyle Pitts,TE,ATL,GB,TE receptions,3.5,-122,-104
https://fantasyteamadvice.com/nfl/gameday-props,FantasyTeamAdvice,DraftKings,2026-09-23T12:55:24-04:00,3,2026-09-27,TJ Hockenson,TE,MIN,TB,TE receptions,3.5,-104,-123
https://fantasyteamadvice.com/nfl/gameday-props,FantasyTeamAdvice,DraftKings,2026-09-23T12:55:24-04:00,3,2026-09-27,Jake Ferguson,TE,DAL,BAL,TE receptions,3.5,-116,-110
https://fantasyteamadvice.com/nfl/gameday-props,FantasyTeamAdvice,DraftKings,2026-09-23T12:55:24-04:00,3,2026-09-27,Romeo Doubs,WR,NE,JAX,WR receptions,3.5,+125,-160
https://fantasyteamadvice.com/nfl/gameday-props,FantasyTeamAdvice,DraftKings,2026-09-23T12:55:24-04:00,3,2026-09-27,Cade Otton,TE,TB,MIN,TE receptions,2.5,-172,+134
https://fantasyteamadvice.com/nfl/gameday-props,FantasyTeamAdvice,DraftKings,2026-09-23T12:55:24-04:00,3,2026-09-27,Hunter Henry,TE,NE,JAX,TE receptions,3.5,-142,+112
https://fantasyteamadvice.com/nfl/gameday-props,FantasyTeamAdvice,DraftKings,2026-09-23T12:55:24-04:00,3,2026-09-24,Tucker Kraft,TE,GB,ATL,TE receptions,3.5,-153,+120
https://fantasyteamadvice.com/nfl/gameday-props,FantasyTeamAdvice,DraftKings,2026-09-23T12:55:24-04:00,3,2026-09-27,Brenton Strange,TE,JAX,NE,TE receptions,3.5,+137,-176
https://fantasyteamadvice.com/nfl/gameday-props,FantasyTeamAdvice,DraftKings,2026-09-23T12:55:24-04:00,3,2026-09-27,Brian Thomas,WR,JAX,NE,WR receptions,2.5,-170,+133
https://fantasyteamadvice.com/nfl/gameday-props,FantasyTeamAdvice,DraftKings,2026-09-23T12:55:24-04:00,3,2026-09-28,Saquon Barkley,RB,PHI,CHI,RB receptions,2.5,+128,-164
https://fantasyteamadvice.com/nfl/gameday-props,FantasyTeamAdvice,DraftKings,2026-09-23T12:55:24-04:00,3,2026-09-27,Javonte Williams,RB,DAL,BAL,RB receptions,2.5,-173,+135
https://fantasyteamadvice.com/nfl/gameday-props,FantasyTeamAdvice,DraftKings,2026-09-23T12:55:24-04:00,3,2026-09-27,Rhamondre Stevenson,RB,NE,JAX,RB receptions,2.5,+109,-139
https://fantasyteamadvice.com/nfl/gameday-props,FantasyTeamAdvice,DraftKings,2026-09-23T12:55:24-04:00,3,2026-09-27,DeMario Douglas,WR,NE,JAX,WR receptions,2.5,-175,+137
https://fantasyteamadvice.com/nfl/gameday-props,FantasyTeamAdvice,DraftKings,2026-09-23T12:55:24-04:00,3,2026-09-27,Jordan Addison,WR,MIN,TB,WR receptions,2.5,-142,+112
https://fantasyteamadvice.com/nfl/gameday-props,FantasyTeamAdvice,DraftKings,2026-09-23T12:55:24-04:00,3,2026-09-27,TreVeyon Henderson,RB,NE,JAX,RB receptions,1.5,-107,-119
https://fantasyteamadvice.com/nfl/gameday-props,FantasyTeamAdvice,DraftKings,2026-09-23T12:55:24-04:00,3,2026-09-27,Omarion Hampton,RB,LAC,BUF,RB receptions,1.5,-150,+118
https://fantasyteamadvice.com/nfl/gameday-props,FantasyTeamAdvice,DraftKings,2026-09-23T12:55:24-04:00,3,2026-09-27,Bhayshul Tuten,RB,JAX,NE,RB receptions,1.5,-116,-110
